scientific_name	count	max_intra	min_inter
Abroscopus albogularis	1		0.1103999987244606
Abroscopus superciliaris	1		0.1103999987244606
Accipiter bicolor	2	0.0015529999509453773	0.07751999795436859
Accipiter castanilius	1		0.001534000039100647
Accipiter gularis	1		0.089369997382164
Accipiter poliogaster	1		0.09006000310182571
Accipiter striatus	1		0.09317000210285187
Accipiter superciliosus	4	0.0	0.08229999989271164
Accipiter tachiro	2	0.0	0.001534000039100647
Acridotheres cristatellus	1		0.06143999844789505
Acrocephalus aedon	3	0.0039450000040233135	0.11089999973773956
Actenoides lindsayi	3	0.0015360000543296337	0.11060000211000443
Actinodura egertoni	1		0.10429999977350235
Aechmophorus clarkii	1		0.0
Aechmophorus occidentalis	2	0.0	0.0
Aegithina tiphia	3	0.001534000039100647	0.11289999634027481
Aegotheles cristatus	3	0.0	0.12269999831914902
Aerodramus vanikorensis	1		0.035659998655319214
Aerodramus whiteheadi	1		0.035659998655319214
Aeronautes andecolus	1		0.08281999826431274
Aethopyga ignicauda	2	0.0	0.0986500009894371
Aethopyga nipalensis	2	0.0030670000705868006	0.0995199978351593
Aethopyga saturata	3	0.001534000039100647	0.1005999967455864
Agamia agami	2	0.0	0.10890000313520432
Agelaius tricolor	1		0.0628800019621849
Aimophila ruficeps	1		0.052149999886751175
Alcedo azurea	1		0.019940000027418137
Alcedo cyanopectus	2	0.0	0.054260000586509705
Alcedo leucogaster	3	0.001534000039100647	0.1103999987244606
Alcedo quadribrachys	3	0.001534000039100647	0.1103999987244606
Alcedo websteri	3	0.0015360000543296337	0.019940000027418137
Alcippe brunnea	2	0.006134999915957451	0.11810000240802765
Alcippe castaneceps	3	0.0030670000705868006	0.13040000200271606
Alcippe cinerea	2	0.0	0.1242000013589859
Alcippe cinereiceps	2	0.001534000039100647	0.07055000215768814
Alcippe morrisonia	3	0.006134999915957451	0.08436000347137451
Alcippe poioicephala	3	0.0030670000705868006	0.08436000347137451
Alcippe rufogularis	2	0.001534000039100647	0.12120000272989273
Alcippe vinipectus	2	0.001534000039100647	0.07055000215768814
Alectura lathami	1		0.15800000727176666
Alethe castanea	7	0.015359999611973763	0.1120000034570694
Alethe poliocephala	3	0.004600999876856804	0.10790000110864639
Alophoixus flaveolus	3	0.0015360000543296337	0.10429999977350235
Alopochelidon fucata	3	0.004902000073343515	0.09000000357627869
Amaurolimnas concolor	2	0.0	0.08436000347137451
Amazilia amabilis	3	0.001534000039100647	0.08217000216245651
Amazilia edward	1		0.020250000059604645
Amazilia fimbriata	3	0.001534000039100647	0.04961000010371208
Amazilia handleyi	3	0.0016029999824240804	0.0030670000705868006
Amazilia leucogaster	4	0.004701999947428703	0.004621999803930521
Amazilia tzacatl	3	0.0030670000705868006	0.0030670000705868006
Amazilia versicolor	2	0.0	0.004621999803930521
Amazilia viridigaster	1		0.020250000059604645
Amazona amazonica	1		0.023010000586509705
Amazona autumnalis	2	0.0	0.04293999820947647
Amazona dufresniana	2	0.0	0.03988000005483627
Amazona farinosa	3	0.0030670000705868006	0.03988000005483627
Amazona guildingii	1		0.023010000586509705
Amazona ochrocephala	3	0.017079999670386314	0.04969000071287155
Amblycercus holosericeus	2	0.0	0.08051999658346176
Amblyramphus holosericeus	1		0.07165999710559845
Anabacerthia variegaticeps	1		0.08742000162601471
Anabathmis reichenbachii	3	0.0	0.10580000281333923
Anas bahamensis	2	0.0	0.05827999860048294
Anas gibberifrons	1		0.04293999820947647
Anas poecilorhyncha	2	0.0015360000543296337	0.04293999820947647
Andropadus curvirostris	1		0.11349999904632568
Andropadus gracilis	1		0.10429999977350235
Andropadus latirostris	3	0.004608000162988901	0.001534000039100647
Andropadus latirostris latirostris	1		0.001534000039100647
Anous minutus	1		0.001534000039100647
Anous stolidus	3	0.0030670000705868006	0.08128999918699265
Anous tenuirostris	3	0.0016370000084862113	0.001534000039100647
Anthochaera carunculata	1		0.11739999800920486
Anthracothorax nigricollis	2	0.0	0.063960000872612
Anthracothorax prevostii	2	0.0	0.0030670000705868006
Anthracothorax prevostii gracillirostris	1		0.0
Anthracothorax veraguensis	3	0.0031900000758469105	0.0
Anthreptes seimundi	3	0.001597000053152442	0.07822000235319138
Anthropoides virgo	1		0.052149999886751175
Anthus correndera	2	0.001534000039100647	0.065140001475811
Anthus furcatus	1		0.07208999991416931
Anthus gustavi	2	0.0019229999743402004	0.06922999769449234
Anthus hellmayri	1		0.065140001475811
Anthus lutescens	1		0.07117000222206116
Anumbius annumbi	1		0.11320000141859055
Anurolimnas viridis	2	0.018239999189972878	0.09356000274419785
Aphelocoma californica	3	0.007116999942809343	0.09815999865531921
Aplonis metallica	3	0.001534000039100647	0.09815999865531921
Aprosmictus erythropterus	1		0.07361999899148941
Ara ararauna	1		0.05824999883770943
Ara macao	1		0.059870000928640366
Ara severus	1		0.05824999883770943
Arachnothera longirostra	1		0.11209999769926071
Arachnothera magna	1		0.11800000071525574
Aramides ypecaha	1		0.09201999753713608
Aratinga solstitialis	1		0.08895999938249588
Ardea cocoi	2	0.0030670000705868006	0.10580000281333923
Arremon aurantiirostris	3	0.0031010000966489315	0.055560000240802765
Arremon brunneinucha	3	0.001534000039100647	0.07669000327587128
Arremon crassirostris	2	0.0	0.0
Arremon taciturnus	4	0.0031300000846385956	0.001534000039100647
Arremon taciturnus taciturnus	1		0.001534000039100647
Arremonops conirostris	3	0.006298999767750502	0.07558999955654144
Arundinicola leucocephala	3	0.004608000162988901	0.11349999904632568
Asio stygius	1		0.08436000347137451
Atalotriccus pilaris	1		0.05415999889373779
Athene noctua	2	0.0	0.16099999845027924
Atlapetes personatus	3	0.004600999876856804	0.052149999886751175
Atticora fasciata	2	0.001534000039100647	0.0933300033211708
Atticora melanoleuca	1		0.07208999991416931
Attila cinnamomeus	4	0.010639999993145466	0.09356000274419785
Attila spadiceus	3	0.009201999753713608	0.09356000274419785
Aulacorhynchus derbianus	3	0.0031300000846385956	0.0688600018620491
Aulacorhynchus prasinus	3	0.0030670000705868006	0.0688600018620491
Automolus infuscatus	4	0.09048999845981598	0.07514999806880951
Automolus roraimae	4	0.001534000039100647	0.037209998816251755
Automolus rubiginosus	3	0.0	0.10429999977350235
Automolus rufipileatus	4	0.017079999670386314	0.09048999845981598
Aviceda subcristata	1		0.11959999799728394
Baeolophus atricristatus	1		0.009201999753713608
Baeolophus bicolor	1		0.009201999753713608
Baeolophus inornatus	2	0.006134999915957451	0.053679998964071274
Bangsia arcaei	4	0.0	0.07332000136375427
Baryphthengus martii	3	0.033900000154972076	0.1356000006198883
Basileuterus bivittatus	2	0.001534000039100647	0.001534000039100647
Basileuterus bivittatus roraimae	1		0.001534000039100647
Basileuterus flaveolus	5	0.0016159999649971724	0.04992000013589859
Basileuterus fulvicauda	1		0.03220999985933304
Basileuterus leucoblepharus lemurum	1		0.04992000013589859
Basileuterus melanogenys	3	0.006134999915957451	0.06441999971866608
Basileuterus rivularis	6	0.0	0.03220999985933304
Basileuterus tristriatus	3	0.0030670000705868006	0.06747999787330627
Berlepschia rikeri	3	0.0	0.1282999962568283
Bleda eximius	3	0.004600999876856804	0.08895999938249588
Bleda syndactylus	3	0.004600999876856804	0.08895999938249588
Bolbopsittacus lunulatus	3	0.0	0.11060000211000443
Botaurus pinnatus	2	0.006318999920040369	0.09004999697208405
Brachygalba lugubris	3	0.044679999351501465	0.14640000462532043
Brachypteryx leucophrys	2	0.001534000039100647	0.11429999768733978
Bradypterus tacsanowskius	1		0.093019999563694
Brotogeris chrysoptera	3	0.001534000039100647	0.04447999969124794
Brotogeris jugularis	1		0.04447999969124794
Bucco capensis	2	0.001534000039100647	0.09201999753713608
Bucco tamatia	3	0.0015529999509453773	0.09245000034570694
Bucco tectus	1		0.001534000039100647
Buceros hydrocorax	1		0.12600000202655792
Bulweria bulwerii	2	0.0015750000020489097	0.10170000046491623
Burhinus bistriatus	3	0.0030670000705868006	0.12880000472068787
Busarellus nigricollis	1		0.07704000174999237
Buteo albicaudatus	1		0.04608000069856644
Buteo albonotatus	1		0.01843000017106533
Buteo nitidus	1		0.04447999969124794
Buteo solitarius	3	0.0	0.01843000017106533
Buteogallus aequinoctialis	3	0.004600999876856804	0.007668999955058098
Buteogallus anthracinus	2	0.0	0.007668999955058098
Buteogallus meridionalis	2	0.0	0.05521000176668167
Buteogallus urubitinga	1		0.03988000005483627
Butorides striata	2	0.001534000039100647	0.016370000317692757
Butorides virescens	3	0.0016370000084862113	0.016370000317692757
Cacicus cela	3	0.004600999876856804	0.05827999860048294
Cacicus haemorrhous	3	0.0	0.06880000233650208
Cacicus solitarius	1		0.08011999726295471
Cacicus uropygialis	2	0.0015899999998509884	0.05827999860048294
Cacomantis variolosus	1		0.09984999895095825
Calidris ruficollis	1		0.08589000254869461
Callipepla californica	1		0.09356000274419785
Calliphlox amethystina	3	0.007668999955058098	0.07822000235319138
Calyptorhynchus funereus	1		0.11670000106096268
Camaroptera brachyura	3	0.0017950000474229455	0.10409999638795853
Campephilus guatemalensis	2	0.001534000039100647	0.03067000024020672
Campephilus melanoleucos	2	0.004753999877721071	0.03067000024020672
Campephilus rubricollis	3	0.04382000118494034	0.042249999940395355
Campethera caroli	2	0.0	0.062300000339746475
Campethera nivosa	3	0.004600999876856804	0.062300000339746475
Camptostoma obsoletum	3	0.01843000017106533	0.093019999563694
Campylopterus hemileucurus	3	0.0	0.08436000347137451
Campylopterus hyperythrus	3	0.0016530000139027834	0.08436000347137451
Campylorhamphus procurvoides	4	0.04600999876856804	0.04447999969124794
Campylorhamphus pusillus	3	0.004600999876856804	0.04447999969124794
Campylorhynchus griseus	3	0.0030720001086592674	0.08436000347137451
Campylorhynchus turdinus	1		0.08436000347137451
Capito aurovirens	1		0.10170000046491623
Capito niger	3	0.01078999973833561	0.10170000046491623
Caprimulgus aegyptius	1		0.07460000365972519
Caprimulgus batesi	3	0.004608000162988901	0.09192000329494476
Caprimulgus carolinensis	1		0.052310001105070114
Caprimulgus europaeus	2	0.0	0.07460000365972519
Caprimulgus macrurus	5	0.10490000247955322	0.09523999691009521
Caprimulgus rufus	2	0.0015579999890178442	0.052310001105070114
Capsiempis flaveola	2	0.0030670000705868006	0.12399999797344208
Caracara plancus	1		0.08449000120162964
Cariama cristata	3	0.0030670000705868006	0.12630000710487366
Carterornis chrysomela	1		0.09356000274419785
Caryothraustes canadensis	3	0.004600999876856804	0.05164000019431114
Caryothraustes poliogaster	1		0.05164000019431114
Cathartes burrovianus	2	0.001534000039100647	0.021469999104738235
Cathartes melambrotus	4	0.001534000039100647	0.021469999104738235
Catharus frantzii	1		0.06298000365495682
Catharus fuscater	3	0.004643999971449375	0.07597000151872635
Catharus gracilirostris	3	0.0015529999509453773	0.05683999881148338
Catharus minimus	1		0.05683999881148338
Cecropis daurica	1		0.01996999979019165
Cecropis striolata	2	0.0	0.01996999979019165
Celeus brachyurus	1		0.0829399973154068
Celeus castaneus	1		0.023469999432563782
Celeus elegans	4	0.0030720001086592674	0.07667999714612961
Celeus flavus	3	0.004650999791920185	0.07406999915838242
Celeus torquatus	3	0.001560000004246831	0.07355000078678131
Celeus undatus	3	0.0031300000846385956	0.023469999432563782
Centropus anselli	1		0.07526999711990356
Centropus superciliosus	2	0.0	0.07526999711990356
Centropus unirufus	1		0.08895999938249588
Cephalopterus glabricollis	1		0.050609998404979706
Cephalopterus ornatus	3	0.001534000039100647	0.02761000022292137
Cercomacra carbonaria	2	0.0	0.009201999753713608
Cercomacra cinerascens	3	0.0	0.07361999899148941
Cercomacra laeta	3	0.001534000039100647	0.07514999806880951
Cercomacra nigrescens	3	0.001534000039100647	0.07514999806880951
Cercomacra nigricans	2	0.0	0.009201999753713608
Cercomacra tyrannina	3	0.001534000039100647	0.07514999806880951
Certhia brachydactyla	2	0.0	0.11959999799728394
Certhiaxis cinnamomeus	3	0.01092000026255846	0.09201999753713608
Cettia cetti	3	0.001534000039100647	0.1242000013589859
Ceyx lecontei	3	0.004600999876856804	0.0786999985575676
Ceyx lepidus	2	0.0	0.054260000586509705
Ceyx melanurus	2	0.0015429999912157655	0.06821999698877335
Ceyx pictus	3	0.023409999907016754	0.0786999985575676
Chaetura brachyura	3	0.006430999841541052	0.03152000159025192
Chaetura chapmani	3	0.0015429999912157655	0.03152000159025192
Chaetura cinereiventris	2	0.0	0.04293999820947647
Chaetura spinicaudus	3	0.0	0.04293999820947647
Chaimarrornis leucocephalus	1		0.10450000315904617
Chalcomitra fuliginosa	3	0.001534000039100647	0.09792999923229218
Chalcophaps indica	2	0.0	0.06615000218153
Chalcophaps stephani	1		0.06615000218153
Chalybura urochrysia	2	0.0030670000705868006	0.04447999969124794
Chamaea fasciata	1		0.11800000071525574
Chamaepetes unicolor	3	0.0030670000705868006	0.0628800019621849
Chamaeza campanisona	1		0.1363999992609024
Chauna torquata	3	0.001534000039100647	0.1429000049829483
Chelidoptera tenebrosa	3	0.004600999876856804	0.08589000254869461
Chelidorhynx hypoxanthus	1		0.1257999986410141
Chenonetta jubata	1		0.07514999806880951
Chiroxiphia pareola	3	0.003114999970421195	0.10260000079870224
Chlidonias hybridus	1		0.09356000274419785
Chloroceryle amazona	2	0.0	0.09019999951124191
Chloroceryle inda	4	0.0030670000705868006	0.09019999951124191
Chlorophonia cyanea	1		0.1023000031709671
Chloropsis aurifrons	1		0.1120000034570694
Chlorospingus ophthalmicus	1		0.036809999495744705
Chlorospingus pileatus	3	0.0	0.036809999495744705
Chlorostilbon mellisugus	2	0.013799999840557575	0.10119999945163727
Chlorostilbon notatus	4	0.0015650000423192978	0.04992000013589859
Chordeiles acutipennis	1		0.11230000108480453
Chrysocolaptes lucidus	2	0.0	0.09859000146389008
Chrysolampis mosquitus	4	0.0015579999890178442	0.09317000210285187
Chrysomma sinense	1		0.10890000313520432
Chrysomus icterocephalus	3	0.003085999982431531	0.06026000156998634
Chrysomus thilius	4	0.004621999803930521	0.0616299994289875
Chrysophlegma flavinucha	1		0.09702999889850616
Ciccaba nigrolineata	3	0.0	0.07361999899148941
Ciccaba virgata	2	0.03988000005483627	0.07361999899148941
Cichlopsis leucogenys	2	0.0015650000423192978	0.08919999748468399
Ciconia maguari	4	0.0	0.08281999826431274
Cinclocerthia ruficauda	1		0.05891000106930733
Cinclus pallasii	1		0.11810000240802765
Cinnyris jugularis	1		0.0995199978351593
Circus buffoni	4	0.0	0.07751999795436859
Cissopis leverianus	1		0.0628800019621849
Claravis pretiosa	5	0.004629999864846468	0.09508000314235687
Cnemotriccus fuscatus	2	0.05674999952316284	0.11230000108480453
Cnipodectes subbrunneus	1		0.10119999945163727
Coccycua minuta	3	0.0016129999421536922	0.11060000211000443
Coccyzus cinereus	2	0.0015409999759867787	0.09968999773263931
Coccyzus melacoryphus	2	0.0032099999953061342	0.04755000025033951
Coccyzus minor	1		0.04755000025033951
Cochlearius cochlearius	1		0.10580000281333923
Colaptes campestris	3	0.004600999876856804	0.03734000027179718
Colaptes melanochloros	2	0.0	0.05521000176668167
Colaptes punctigula	1		0.03734000027179718
Colaptes rubiginosus	3	0.0015920000150799751	0.0573199987411499
Colibri delphinae	2	0.0	0.07822000235319138
Colibri thalassinus	1		0.07822000235319138
Colinus cristatus	3	0.0015360000543296337	0.09356000274419785
Collocalia marginata	3	0.0015429999912157655	0.08842000365257263
Collocalia troglodytes	3	0.0	0.08842000365257263
Colonia colonus	2	0.03888000175356865	0.10119999945163727
Columbina minuta	3	0.012380000203847885	0.09508000314235687
Conirostrum bicolor	2	0.0015409999759867787	0.05855000019073486
Conirostrum speciosum	3	0.012760000303387642	0.05855000019073486
Conopias albovittatus	3	0.0031300000846385956	0.0015650000423192978
Conopias parvus	3	0.006885000038892031	0.0015650000423192978
Conopophaga aurita	3	0.0016469999682158232	0.08071999996900558
Conopophaga melanogaster	1		0.08071999996900558
Contopus borealis	1		0.003490000031888485
Contopus cooperi	1		0.003490000031888485
Contopus fumigatus	1		0.07503999769687653
Contopus nigrescens	3	0.001534000039100647	0.08895999938249588
Contopus virens	1		0.08895999938249588
Copsychus luzoniensis	3	0.007716000080108643	0.1023000031709671
Copsychus malabaricus	3	0.001534000039100647	0.10700000077486038
Copsychus saularis	3	0.006535999942570925	0.10289999842643738
Coracias caudatus	3	0.00317499996162951	0.13169999420642853
Coracina coerulescens	1		0.08895999938249588
Coracina papuensis	1		0.06298000365495682
Coracina striata	2	0.0	0.06298000365495682
Corapipo altera	1		0.07822000235319138
Corapipo gutturalis	1		0.07822000235319138
Corvus brachyrhynchos	1		0.06134999915957451
Corvus dauuricus	1		0.08414000272750854
Corvus kubaryi	1		0.06134999915957451
Coryphistera alaudina	2	0.0030670000705868006	0.10740000009536743
Corythopis torquatus	1		0.13040000200271606
Cossypha natalensis	3	0.006579000037163496	0.0625
Cossypha niveicapilla	2	0.0	0.0625
Cotinga cayana	2	0.00317499996162951	0.05397000163793564
Cotinga cotinga	2	0.001534000039100647	0.05397000163793564
Coturnix coturnix	1		0.1565999984741211
Cranioleuca demissa	3	0.0	0.05827999860048294
Cranioleuca sulphurifera	3	0.0030670000705868006	0.035280000418424606
Crax alector	3	0.0015480000292882323	0.009216999635100365
Crax fasciolata	1		0.009216999635100365
Criniger barbatus	3	0.0	0.10580000281333923
Criniger calurus	3	0.09708999842405319	0.10029999911785126
Crypturellus brevirostris	3	0.001534000039100647	0.1379999965429306
Crypturellus cinereus	3	0.003780999919399619	0.15639999508857727
Crypturellus erythropus	1		0.11810000240802765
Crypturellus soui	2	0.004600999876856804	0.12729999423027039
Crypturellus variegatus	3	0.0015800000401213765	0.11810000240802765
Culicicapa ceylonensis	2	0.004600999876856804	0.1103999987244606
Cyanerpes caeruleus	2	0.0031300000846385956	0.052149999886751175
Cyanerpes cyaneus	3	0.010739999823272228	0.06441999971866608
Cyanerpes lucidus	1		0.05530000105500221
Cyanerpes nitidus	1		0.052149999886751175
Cyanocorax affinis	1		0.03220999985933304
Cyanocorax cayanus	3	0.006260000169277191	0.03220999985933304
Cyanocorax morio	1		0.08281999826431274
Cyanoloxia glaucocaerulea	3	0.0030670000705868006	0.08521000295877457
Cyanolyca cucullata	1		0.09201999753713608
Cyanomitra cyanolaema	3	0.009317000396549702	0.08589000254869461
Cyanomitra olivacea	2	0.0016339999856427312	0.08978000283241272
Cyanomitra verticalis	3	0.004807999823242426	0.08589000254869461
Cyanoptila cyanomelana	2	0.001534000039100647	0.10360000282526016
Cyclarhis gujanensis	3	0.08764000236988068	0.09968999773263931
Cymbilaimus lineatus	4	0.01686999946832657	0.10119999945163727
Cyornis rubeculoides	3	0.04447999969124794	0.10119999945163727
Cyphorhinus arada	3	0.001534000039100647	0.07975000143051147
Cyphorhinus phaeocephalus	1		0.07975000143051147
Cypseloides cryptus	1		0.10279999673366547
Cypseloides phelpsi	3	0.0	0.08371999859809875
Dacnis cayana	3	0.0031300000846385956	0.05928000062704086
Dacnis lineata	1		0.05928000062704086
Daptrius americanus	5	0.007668999955058098	0.07514999806880951
Daptrius ater	2	0.001534000039100647	0.02761000022292137
Dasylophus superciliosus	1		0.10740000009536743
Deconychura longicauda	2	0.0	0.09968999773263931
Deconychura stictolaema	3	0.0030720001086592674	0.10890000313520432
Deleornis fraseri	3	0.009201999753713608	0.08895999938249588
Delichon urbicum	2	0.004600999876856804	0.10740000009536743
Dendrocincla merula	1		0.09048999845981598
Dendrocolaptes certhia	1		0.020059999078512192
Dendrocolaptes concolor	1		0.020059999078512192
Dendrocolaptes picumnus	5	0.023010000586509705	0.07716000080108643
Dendrocopos canicapillus	2	0.004600999876856804	0.04907999932765961
Dendrocopos maculatus	1		0.04907999932765961
Deroptyus accipitrinus	2	0.007679999805986881	0.09815999865531921
Dicaeum chrysorrheum	1		0.09091000258922577
Dicaeum concolor	1		0.02761000022292137
Dicaeum eximium	2	0.007668999955058098	0.09670999646186829
Dicaeum pygmaeum	1		0.02761000022292137
Dicrurus adsimilis	3	0.006461999844759703	0.0888499990105629
Dicrurus balicassius	1		0.05837000161409378
Dicrurus hottentottus	2	0.013799999840557575	0.053679998964071274
Dicrurus leucophaeus	3	0.001534000039100647	0.08138000220060349
Dicrurus macrocercus	1		0.08138000220060349
Dicrurus megarhynchus	3	0.009201999753713608	0.053679998964071274
Dicrurus remifer	1		0.07361999899148941
Diglossa major	3	0.001534000039100647	0.09356000274419785
Dinopium shorii	2	0.0	0.07669000327587128
Diopsittaca nobilis	3	0.0015670000575482845	0.09356000274419785
Discosura longicauda	1		0.0030670000705868006
Discosura longicaudus	2	0.0	0.0030670000705868006
Dolospingus fringilloides	3	0.0	0.05790000036358833
Donacobius atricapilla	3	0.0015579999890178442	0.11810000240802765
Donacospiza albifrons	2	0.004784999880939722	0.08771999925374985
Doryfera johannae	4	0.0030670000705868006	0.09662999957799911
Doryfera ludoviciae	1		0.09662999957799911
Drymornis bridgesii	3	0.0	0.07962000370025635
Dryocopus lineatus	2	0.001550000044517219	0.07468000054359436
Dryoscopus cubla	1		0.11289999634027481
Ducula aenea	1		0.0722000002861023
Ducula melanochroa	1		0.0722000002861023
Dumetella carolinensis	1		0.05891000106930733
Dyaphorophyia castanea	3	0.0	0.015359999611973763
Dyaphorophyia tonsa	1		0.015359999611973763
Dysithamnus mentalis	1		0.09201999753713608
Elaenia chiriquensis	3	0.003085999982431531	0.04800000041723251
Elaenia cristata	3	0.00392200006172061	0.10000000149011612
Elaenia flavogaster	3	0.010900000110268593	0.07822000235319138
Elaenia frantzii	3	0.001534000039100647	0.04755000025033951
Elaenia martinica	2	0.001534000039100647	0.06134999915957451
Elaenia pallatangae	4	0.0015899999998509884	0.04755000025033951
Elaenia parvirostris	1		0.07822000235319138
Elaenia ruficeps	3	0.009259000420570374	0.10429999977350235
Elanoides forficatus	2	0.001534000039100647	0.13040000200271606
Electron platyrhynchum	1		0.13609999418258667
Elminia nigromitrata	3	0.004600999876856804	0.11349999904632568
Elvira chionura	3	0.006134999915957451	0.04293999820947647
Emberiza buchanani	2	0.0	0.04822999984025955
Emberiza caesia	2	0.0015409999759867787	0.035440001636743546
Emberiza calandra	2	0.0	0.0
Emberiza cineracea	3	0.0030670000705868006	0.035440001636743546
Emberiza cirlus	3	0.0030670000705868006	0.08281999826431274
Emberiza godlewskii	2	0.001550000044517219	0.07597000151872635
Emberiza melanocephala	4	0.004732000175863504	0.10090000182390213
Emberiza sulphurata	1		0.08371999859809875
Emberizoides herbicola	3	0.007825000211596489	0.052710000425577164
Emberizoides ypiranganus	2	0.009201999753713608	0.052710000425577164
Empidonax oberholseri	2	0.0	0.10350000113248825
Empidonax virescens	2	0.0	0.08675999939441681
Empidonomus varius	2	0.001534000039100647	0.02208000048995018
Enicurus immaculatus	2	0.0031999999191612005	0.1120000034570694
Eopsaltria australis	1		0.1103999987244606
Epinecrophylla fulviventris	3	0.0	0.07287000119686127
Epinecrophylla gutturalis	5	0.0030670000705868006	0.08128999918699265
Epinecrophylla ornata	3	0.0030670000705868006	0.07287000119686127
Erythrogenys erythrogenys	1		0.1103999987244606
Erythropitta erythrogaster	3	0.030719999223947525	0.1151999980211258
Erythrura trichroa	1		0.09984999895095825
Eubucco bourcierii	2	0.001534000039100647	0.1395999938249588
Eudocimus ruber	1		0.1120000034570694
Eudynamys scolopaceus	1		0.10450000315904617
Eulampis holosericeus	1		0.02913999930024147
Eulampis jugularis	2	0.0	0.02913999930024147
Euphagus carolinus	1		0.05186000093817711
Eupherusa eximia	3	0.0	0.024539999663829803
Eupherusa nigriventris	2	0.0	0.024539999663829803
Euphonia anneae	3	0.0	0.06594999879598618
Euphonia cayennensis	2	0.0030670000705868006	0.07055000215768814
Euphonia chrysopasta	1		0.09048999845981598
Euphonia elegantissima	1		0.09627000242471695
Euphonia finschi	3	0.0015869999770075083	0.020309999585151672
Euphonia gouldi	3	0.0030670000705868006	0.07208999991416931
Euphonia laniirostris	2	0.0	0.0719899982213974
Euphonia luteicapilla	2	0.0015950000379234552	0.020309999585151672
Euphonia minuta	1		0.0829399973154068
Euphonia plumbea	3	0.001534000039100647	0.05714000016450882
Euphonia violacea	3	0.0031300000846385956	0.0719899982213974
Euphonia xanthogaster	4	0.0030670000705868006	0.06594999879598618
Euplectes axillaris	1		0.11810000240802765
Eupsittula aurea	1		0.06758999824523926
Eupsittula nana	2	0.0	0.06758999824523926
Eupsittula pertinax	4	0.0030819999519735575	0.07208999991416931
Eurillas virens	3	0.013799999840557575	0.10580000281333923
Eurostopodus macrotis	2	0.0030720001086592674	0.1468999981880188
Eurypyga helias	2	0.0030670000705868006	0.15489999949932098
Euscarthmus meloryphus	1		0.12349999696016312
Eutoxeres aquila	2	0.0	0.1257999986410141
Falco rufigularis	5	0.013799999840557575	0.08281999826431274
Falco vespertinus	1		0.08281999826431274
Ficedula hyperythra	3	0.007668999955058098	0.08281999826431274
Ficedula monileger	3	0.006134999915957451	0.11110000312328339
Ficedula strophiata	3	0.004614999983459711	0.08281999826431274
Florisuga mellivora	4	0.013949999585747719	0.12399999797344208
Fluvicola pica	3	0.006409999914467335	0.1120000034570694
Formicarius rufipectus	2	0.0	0.1363999992609024
Formicivora grisea	3	0.0015429999912157655	0.09722000360488892
Forpus modestus sclateri	2	0.0	0.08128999918699265
Forpus passerinus	3	0.0030670000705868006	0.08128999918699265
Fraseria cinerascens	3	0.0016469999682158232	0.08589000254869461
Frederickena viridis	2	0.0	0.09356000274419785
Fregata magnificens	1		0.02607000060379505
Fregata minor	3	0.012269999831914902	0.02607000060379505
Fregetta grallaria	6	0.001534000039100647	0.10890000313520432
Fulica leucoptera	5	0.001534000039100647	0.06594999879598618
Fulica rufifrons	2	0.001534000039100647	0.06594999879598618
Fulmarus glacialis	1		0.10580000281333923
Furnarius figulus	1		0.09968999773263931
Furnarius leucopus	3	0.004600999876856804	0.09968999773263931
Galbula dea	3	0.050689999014139175	0.10140000283718109
Galbula galbula	3	0.004600999876856804	0.05683999881148338
Galbula leucogastra	4	0.001534000039100647	0.10140000283718109
Galbula ruficauda	3	0.08449000120162964	0.05683999881148338
Gallicolumba beccarii	1		0.11060000211000443
Gallinago megala	1		0.06560000032186508
Gallinago paraguaiae	1		0.06560000032186508
Gallinago undulata	3	0.0015950000379234552	0.1071000024676323
Gallinula melanops	1		0.1103999987244606
Gallinula tenebrosa	1		0.08436000347137451
Gampsonyx swainsonii	2	0.0	0.12710000574588776
Garrulax affinis	1		0.08742000162601471
Garrulax erythrocephalus	3	0.01534000039100647	0.08742000162601471
Garrulax leucolophus	2	0.03067000024020672	0.07055000215768814
Garrulax monileger	2	0.0	0.07822000235319138
Garrulax nuchalis	1		0.07055000215768814
Garrulax pectoralis	3	0.004608000162988901	0.08281999826431274
Garrulax striatus	1		0.09815999865531921
Garrulax subunicolor	1		0.09968999773263931
Garrulax virgatus	1		0.08742000162601471
Geositta cunicularia	1		0.06594999879598618
Geositta tenuirostris	1		0.06594999879598618
Geothlypis formosa	2	0.0015360000543296337	0.050689999014139175
Geothlypis semiflava	3	0.0	0.05837000161409378
Geothlypis tolmiei	1		0.050689999014139175
Geranospiza caerulescens	1		0.09201999753713608
Glaucidium cuculoides	2	0.0030670000705868006	0.1257999986410141
Glaucidium gnoma	1		0.08281999826431274
Glaucidium hardyi	2	0.001550000044517219	0.08281999826431274
Glaucidium sjostedti	2	0.0	0.1151999980211258
Glaucidium tephronotum	1		0.08991999924182892
Glaucis aeneus	3	0.0	0.046950001269578934
Glaucis hirsutus	2	0.0	0.046950001269578934
Gnorimopsar chopi	3	0.003160000080242753	0.0628800019621849
Grallaria guatimalensis	2	0.0015650000423192978	0.09815999865531921
Grallaria varia	4	0.08281999826431274	0.09815999865531921
Grallaricula nana	3	0.0	0.12880000472068787
Granatellus pelzelni	4	0.00913199968636036	0.07852999866008759
Griseotyrannus aurantioatrocristatus	2	0.0033839999232441187	0.02208000048995018
Grus canadensis	1		0.052149999886751175
Guira guira	3	0.0	0.13500000536441803
Gygis alba	6	0.01534000039100647	0.11729999631643295
Gymnocichla nudiceps	2	0.0	0.08128999918699265
Gymnopithys leucaspis	3	0.007668999955058098	0.011269999668002129
Gymnopithys rufigula	1		0.011269999668002129
Gyps africanus	2	0.0	0.10450000315904617
Habia fuscicauda	3	0.001550000044517219	0.08371999859809875
Haematoderus militaris	2	0.007703999988734722	0.13169999420642853
Halcyon badia	2	0.0030670000705868006	0.06441999971866608
Halcyon coromanda	1		0.09984999895095825
Halcyon malimbica	3	0.001534000039100647	0.06441999971866608
Halcyon smyrnensis	3	0.0030720001086592674	0.09063000231981277
Haliastur sphenurus	1		0.06298000365495682
Harpactes ardens	2	0.06605000048875809	0.08755999803543091
Harpactes erythrocephalus	2	0.0	0.08755999803543091
Harpagus bidentatus	4	0.024539999663829803	0.08629000186920166
Hedydipna collaris	3	0.007679999805986881	0.07822000235319138
Heliodoxa jacula	5	0.0031010000966489315	0.10689999908208847
Heliodoxa xanthogonys	3	0.012679999694228172	0.11739999800920486
Heliomaster furcifer	2	0.0017269999952986836	0.0826599970459938
Heliomaster longirostris	1		0.0826599970459938
Heliornis fulica	2	0.003360999980941415	0.14959999918937683
Heliothryx auritus	2	0.007937000133097172	0.044440001249313354
Heliothryx barroti	1		0.044440001249313354
Helmitheros vermivorum	1		0.07680000364780426
Hemiprocne comata	1		0.10890000313520432
Hemithraupis flavicollis	2	0.001534000039100647	0.08589000254869461
Hemithraupis guira	1		0.07667999714612961
Hemitriccus josephinae	3	0.0	0.09364999830722809
Hemitriccus minor	1		0.04447999969124794
Hemitriccus zosterops	3	0.00456599984318018	0.07543999701738358
Henicorhina leucophrys	3	0.001550000044517219	0.08371999859809875
Henicorhina leucosticta	3	0.005016999784857035	0.08696000277996063
Herpetotheres cachinnans	2	0.001534000039100647	0.11819999665021896
Herpsilochmus roraimae	3	0.004600999876856804	0.08128999918699265
Herpsilochmus rufimarginatus	8	0.009317000396549702	0.07669000327587128
Herpsilochmus stictocephalus	3	0.004600999876856804	0.07669000327587128
Herpsilochmus sticturus	3	0.0	0.08128999918699265
Hesperiphona vespertina	1		0.08281999826431274
Heterophasia picaoides	1		0.08449000120162964
Heteroxolmis dominicana	2	0.0030670000705868006	0.10279999673366547
Hierococcyx sparverioides	1		0.09984999895095825
Hippolais olivetorum	2	0.010739999823272228	0.13189999759197235
Hirundinea ferruginea	3	0.001534000039100647	0.13199999928474426
Hirundo tahitica	2	0.001550000044517219	0.1152999997138977
Hydropsalis cayennensis	3	0.0015379999531432986	0.0628800019621849
Hydropsalis climacocerca	3	0.001550000044517219	0.055810000747442245
Hydropsalis maculicaudus	2	0.0030670000705868006	0.055810000747442245
Hylexetastes perrotii	3	0.0030670000705868006	0.07406999915838242
Hylia prasina	3	0.0030720001086592674	0.10740000009536743
Hylocharis cyanus	4	0.0015650000423192978	0.048510000109672546
Hylocharis eliciae	2	0.007751999888569117	0.048510000109672546
Hylocharis sapphirina	5	0.0031010000966489315	0.04961000010371208
Hylopezus berlepschi	1		0.10119999945163727
Hylopezus fulviventris	2	0.0	0.09201999753713608
Hylopezus macularius	2	0.001534000039100647	0.1257999986410141
Hylophilus decurtatus	1		0.07055000215768814
Hylophilus muscicapinus	4	0.006134999915957451	0.07055000215768814
Hylophilus pectoralis	3	0.0032949999440461397	0.06902000308036804
Hylophilus sclateri	3	0.02047000080347061	0.07667999714612961
Hylophilus thoracicus	3	0.0015650000423192978	0.06902000308036804
Hylophylax naevius	3	0.0030670000705868006	0.07765000313520432
Hylophylax punctulatus	3	0.0015849999617785215	0.07765000313520432
Hymenops perspicillatus	4	0.004600999876856804	0.10740000009536743
Hypocnemoides maculicauda	1		0.05674999952316284
Hypocnemoides melanopogon	3	0.0031010000966489315	0.05674999952316284
Hypothymis azurea	5	0.014539999887347221	0.08281999826431274
Hypothymis helenae	1		0.0725800022482872
Hypsipetes madagascariensis	1		0.09147000312805176
Icteria virens	1		0.09048999845981598
Icterus cayanensis	2	0.012269999831914902	0.001677999971434474
Icterus cayanensis cayanensis	1		0.001677999971434474
Icterus chrysocephalus	2	0.001534000039100647	0.005034000147134066
Icterus icterus	3	0.0030670000705868006	0.0
Icterus jamacaii	1		0.0
Icterus mesomelas	2	0.0	0.052149999886751175
Icterus nigrogularis	3	0.0015460000140592456	0.07242000102996826
Icterus spurius	1		0.04755000025033951
Ictinia plumbea	1		0.08217000216245651
Iduna pallida	3	0.0	0.1103999987244606
Illadopsis cleaveri	3	0.006134999915957451	0.09509000182151794
Illadopsis rufipennis	3	0.0030670000705868006	0.09509000182151794
Indicator exilis	1		0.08589000254869461
Indicator maculatus	3	0.0030670000705868006	0.08589000254869461
Inezia subflava	3	0.0030819999519735575	0.11879999935626984
Iodopleura fusca	3	0.006134999915957451	0.1379999965429306
Iole propinqua	1		0.11829999834299088
Irena cyanogastra	1		0.10830000042915344
Ixobrychus minutus	1		0.09004999697208405
Ixoreus naevius	1		0.10580000281333923
Ixos mcclellandii	1		0.11800000071525574
Ixos philippinus	3	0.006451999768614769	0.09147000312805176
Jabiru mycteria	1		0.08281999826431274
Jacamerops aureus	4	0.04600999876856804	0.11829999834299088
Jacana spinosa	2	0.0	0.13420000672340393
Junco hyemalis	1		0.07824999839067459
Knipolegus cyanirostris	2	0.001534000039100647	0.04755000025033951
Knipolegus lophotes	3	0.0	0.04755000025033951
Knipolegus orenocensis	1		0.07361999899148941
Lagopus muta	3	0.01027000043541193	0.15569999814033508
Lalage leucomela	2	0.0	0.08895999938249588
Lampornis calolaemus	3	0.0016029999824240804	0.0
Lampornis castaneoventris	3	0.001550000044517219	0.0
Lampornis hemileucus	3	0.001550000044517219	0.10080000013113022
Lampropsar tanagrinus	3	0.001534000039100647	0.0628800019621849
Lamprospiza melanoleuca	1		0.0628800019621849
Lamprotornis purpureiceps	2	0.0047240001149475574	0.09815999865531921
Laniarius leucorhynchus	2	0.0030720001086592674	0.11060000211000443
Lanio fulvus	1		0.09815999865531921
Laniocera hypopyrra	3	0.001534000039100647	0.13650000095367432
Lanius collurioides	3	0.0030670000705868006	0.06055999919772148
Lanius cristatus	2	0.0032730000093579292	0.06055999919772148
Lanius senator	3	0.0030670000705868006	0.07361999899148941
Larus maculipennis	1		0.11810000240802765
Laterallus albigularis	4	0.03101000003516674	0.07551000267267227
Laterallus exilis	1		0.07551000267267227
Legatus leucophaius	3	0.001534000039100647	0.1014999970793724
Leiopicus mahrattensis	2	0.001560000004246831	0.07955999672412872
Leiopicus medius	5	0.04293999820947647	0.07955999672412872
Leiothrix argentauris	1		0.08742000162601471
Lepidocolaptes albolineatus	4	0.0031059999018907547	0.05124000087380409
Lepidocolaptes souleyetii	6	0.018400000408291817	0.05124000087380409
Lepidothrix serena	1		0.02913999930024147
Lepidothrix suavissima	4	0.0030670000705868006	0.02913999930024147
Leptasthenura platensis	3	0.001534000039100647	0.11959999799728394
Leptocoma sericea	1		0.09968999773263931
Leptocoma sperata	1		0.1151999980211258
Leptodon cayanensis	1		0.12880000472068787
Leptopogon superciliaris	2	0.0	0.13179999589920044
Leptotila cassini	3	0.006471999920904636	0.040449999272823334
Leptotila plumbeiceps	2	0.0	0.040449999272823334
Leptotila rufaxilla	3	0.012269999831914902	0.040449999272823334
Leucopternis albicollis	2	0.03410999849438667	0.04608000069856644
Leucopternis melanops	2	0.0030819999519735575	0.043140001595020294
Leucopternis princeps	1		0.07208999991416931
Leucopternis semiplumbeus	1		0.04301000013947487
Leucosticte arctoa	1		0.08742000162601471
Limnoctites rectirostris	3	0.0	0.035280000418424606
Limnornis curvirostris	3	0.0	0.10890000313520432
Liocichla phoenicea	1		0.10279999673366547
Lipaugus vociferans	3	0.003114999970421195	0.11209999769926071
Lochmias nematura	3	0.001534000039100647	0.10559999942779541
Locustella fluviatilis	1		0.093019999563694
Lonchura bicolor	1		0.09356000274419785
Lophornis ornatus	1		0.053679998964071274
Lophornis pavoninus	3	0.0030670000705868006	0.053679998964071274
Lophotriccus galeatus	2	0.0	0.04448999837040901
Lophotriccus vitiosus	2	0.0	0.03674999997019768
Loriculus philippensis	1		0.11659999936819077
Lorius albidinucha	1		0.04927999898791313
Loxigilla noctis	3	0.0	0.07361999899148941
Lurocalis semitorquatus	2	0.003120000008493662	0.08423999696969986
Luscinia brunnea	2	0.0	0.09815999865531921
Luscinia chrysaea	1		0.08895999938249588
Luscinia megarhynchos	2	0.0	0.10279999673366547
Lysurus crassirostris	1		0.0
Machetornis rixosa	3	0.001597000053152442	0.09904000163078308
Mackenziaena leachii	1		0.09356000274419785
Macroagelaius subalaris	3	0.0030720001086592674	0.06298000365495682
Macronous gularis	2	0.0015529999509453773	0.10019999742507935
Macropygia amboinensis	1		0.001534000039100647
Macropygia nigrirostris	1		0.06747999787330627
Macropygia phasianella	3	0.0	0.001534000039100647
Malacocincla abbotti	1		0.10429999977350235
Malacoptila fusca	2	0.001534000039100647	0.08436000347137451
Malacoptila panamensis	2	0.001534000039100647	0.08436000347137451
Malacoptila rufa	1		0.09201999753713608
Malimbus nitens	3	0.0015360000543296337	0.08128999918699265
Manacus aurantiacus	3	0.001534000039100647	0.10580000281333923
Margarornis rubiginosus	1		0.1120000034570694
Megaceryle torquata	1		0.12290000170469284
Megalaima lineata	1		0.12880000472068787
Megalurus palustris	2	0.006144000217318535	0.11150000244379044
Megarynchus pitangua	1		0.09048999845981598
Megascops clarkii	1		0.10429999977350235
Megascops kennicottii	1		0.07055000215768814
Megascops watsonii	3	0.004600999876856804	0.053679998964071274
Melaenornis pammelaina	1		0.08589000254869461
Melanerpes carolinus	3	0.0030720001086592674	0.0722000002861023
Melanerpes cruentatus	3	0.001534000039100647	0.07055000215768814
Melanerpes erythrocephalus	1		0.09048999845981598
Melanerpes pucherani	1		0.07055000215768814
Melanochlora sultanea	1		0.09356000274419785
Merops breweri	3	0.0077760000713169575	0.10580000281333923
Merops malimbicus	3	0.001610000035725534	0.08051999658346176
Merops nubicus	3	0.0030720001086592674	0.08295000344514847
Merops orientalis	3	0.001534000039100647	0.08051999658346176
Merops variegatus	3	0.0	0.10580000281333923
Mesembrinibis cayennensis	3	0.004925999790430069	0.09852000325918198
Metriopelia morenoi	1		0.10029999911785126
Micrastur mirandollei	1		0.10999999940395355
Micrastur ruficollis	2	0.004621999803930521	0.10999999940395355
Microbates collaris	1		0.10849999636411667
Microcarbo melanoleucos	1		0.10429999977350235
Microcerculus ustulatus	3	0.0015650000423192978	0.10170000046491623
Microhierax caerulescens	1		0.08295000344514847
Microhierax erythrogenys	2	0.0	0.08295000344514847
Micropsitta finschii	1		0.10279999673366547
Micropygia schomburgkii	3	0.0	0.09356000274419785
Microrhopias quixensis	3	0.052880000323057175	0.09147000312805176
Miliaria calandra	1		0.0
Milvago chimachima	1		0.02761000022292137
Milvago chimango	4	0.004600999876856804	0.06134999915957451
Milvus migrans	2	0.0015360000543296337	0.06298000365495682
Mimus gilvus	3	0.006153999827802181	0.031550001353025436
Mimus polyglottos	1		0.031550001353025436
Mionectes olivaceus	3	0.0031010000966489315	0.14259999990463257
Mirafra assamica	2	0.0049749999307096004	0.10580000281333923
Mitrephanes phaeocercus	2	0.003085999982431531	0.08675999939441681
Mitrospingus cassinii	2	0.0030670000705868006	0.07822000235319138
Mitrospingus oleagineus	3	0.003043999895453453	0.07822000235319138
Mitu tomentosum	3	0.004831000231206417	0.04907999932765961
Molothrus oryzivorus	3	0.004608000162988901	0.05674999952316284
Molothrus rufoaxillaris	3	0.0	0.05674999952316284
Monasa atra	3	0.0015360000543296337	0.02607000060379505
Monasa nigrifrons	1		0.02607000060379505
Monticola saxatilis	1		0.032099999487400055
Monticola solitarius	3	0.0015670000575482845	0.032099999487400055
Montifringilla davidiana	1		0.1062999963760376
Mulleripicus funebris	1		0.09457000344991684
Muscicapa olivascens	1		0.08742000162601471
Muscisaxicola cinereus	2	0.0	0.023010000586509705
Muscisaxicola rufivertex	1		0.023010000586509705
Myadestes melanops	3	0.0030670000705868006	0.10429999977350235
Mycteria americana	1		0.08742000162601471
Myiagra alecto	1		0.05521000176668167
Myiagra hebetior	3	0.001534000039100647	0.05521000176668167
Myiarchus crinitus	1		0.03240999951958656
Myiarchus ferox	2	0.052149999886751175	0.0015950000379234552
Myiarchus swainsoni	2	0.02710999920964241	0.0015950000379234552
Myiarchus tyrannulus tyrannulus	1		0.03240999951958656
Myiobius atricaudus	1		0.09662999957799911
Myiobius sulphureipygius	2	0.001550000044517219	0.09662999957799911
Myioborus brunniceps	2	0.001534000039100647	0.039090000092983246
Myioborus miniatus	5	0.02913999930024147	0.061889998614788055
Myioborus torquatus	3	0.004600999876856804	0.039090000092983246
Myiodynastes hemichrysus	2	0.0	0.10480000078678131
Myiomela leucura	2	0.0030670000705868006	0.08895999938249588
Myiopagis gaimardii	2	0.0019460000330582261	0.08077000081539154
Myiopagis viridicata	3	0.0030670000705868006	0.08077000081539154
Myiophobus fasciatus	1		0.1103999987244606
Myiophobus roraimae	2	0.0	0.11500000208616257
Myiornis atricapillus	1		0.021570000797510147
Myiornis ecaudatus	2	0.010739999823272228	0.021570000797510147
Myiozetetes cayanensis	3	0.0030670000705868006	0.08895999938249588
Myiozetetes granadensis	1		0.04907999932765961
Myiozetetes luteiventris	2	0.004600999876856804	0.04907999932765961
Myrmeciza atrothorax	3	0.007668999955058098	0.09815999865531921
Myrmeciza exsul	3	0.003215000033378601	0.09147000312805176
Myrmeciza ferruginea	4	0.0016370000084862113	0.07365000247955322
Myrmeciza immaculata	3	0.007668999955058098	0.07208999991416931
Myrmeciza laemosticta	2	0.0	0.08589000254869461
Myrmeciza longipes	5	0.024539999663829803	0.09048999845981598
Myrmoborus leucophrys	5	0.009201999753713608	0.05674999952316284
Myrmoborus myotherinus	1		0.05674999952316284
Myrmornis torquata	4	0.0015770000172778964	0.11810000240802765
Myrmothera campanisona	2	0.0	0.06594999879598618
Myrmothera simplex	3	0.0	0.06594999879598618
Myrmotherula axillaris	1		0.10279999673366547
Myrmotherula behni	2	0.001534000039100647	0.07915999740362167
Myrmotherula brachyura	4	0.024539999663829803	0.0993800014257431
Myrmotherula guttata	1		0.09192000329494476
Myrmotherula menetriesii	1		0.09204000234603882
Myrmotherula schisticolor	3	0.008077999576926231	0.07915999740362167
Myrmotherula surinamensis	6	0.07208999991416931	0.09121000021696091
Nannopsittaca panychlora	3	0.0	0.10429999977350235
Nannopterum brasilianus	1		0.10429999977350235
Nasica longirostris	1		0.08641999959945679
Nemosia pileata	2	0.007703999988734722	0.07332000136375427
Neocossyphus fraseri	3	0.006134999915957451	0.1088000014424324
Neocossyphus poensis	3	0.006134999915957451	0.09201999753713608
Neocossyphus rufus	3	0.054099999368190765	0.09201999753713608
Neomorphus rufipennis	1		0.12700000405311584
Neopelma chrysocephalum	3	0.004621999803930521	0.10119999945163727
Neopelma pallescens	2	0.001534000039100647	0.10119999945163727
Neophema elegans	2	0.0	0.10740000009536743
Neophema splendida	3	0.004600999876856804	0.10740000009536743
Neopipo cinnamomea	3	0.001534000039100647	0.1242000013589859
Nesofregetta fuliginosa	3	0.004600999876856804	0.11349999904632568
Netta rufina	1		0.07514999806880951
Nicator chloris	3	0.004608000162988901	0.12120000272989273
Nigrita bicolor	1		0.004761999938637018
Nigrita bicolor brunnescens	1		0.004761999938637018
Niltava grandis	3	0.003043999895453453	0.09048999845981598
Niltava sundara	2	0.004600999876856804	0.10279999673366547
Ninox novaeseelandiae	2	0.0	0.035280000418424606
Ninox philippensis	3	0.006144000217318535	0.08602000027894974
Ninox variegata	2	0.001534000039100647	0.035280000418424606
Nomonyx dominica	1		0.09356000274419785
Nonnula rubecula	2	0.06594999879598618	0.10279999673366547
Northiella haematogaster	2	0.001534000039100647	0.0786999985575676
Notharchus macrorhynchos	5	0.006289000157266855	0.09245000034570694
Notharchus tectus	1		0.001534000039100647
Nothoprocta ornata	3	0.11379999667406082	0.15469999611377716
Nothura maculosa	1		0.15800000727176666
Nyctanassa violacea	1		0.1257999986410141
Nyctibius aethereus	1		0.1103999987244606
Nyctibius grandis	2	0.013799999840557575	0.14259999990463257
Nyctibius griseus	3	0.013799999840557575	0.1103999987244606
Nyctiphrynus ocellatus	3	0.001610000035725534	0.10459999740123749
Nyctipolus nigrescens	3	0.006134999915957451	0.10890000313520432
Nyctiprogne leucopyga	3	0.004600999876856804	0.10580000281333923
Oceanodroma tethys	3	0.001534000039100647	0.12269999831914902
Ochthornis littoralis	3	0.003235999960452318	0.13750000298023224
Ocyphaps lophotes	2	0.0	0.1137000024318695
Odontophorus gujanensis	2	0.001534000039100647	0.07669000327587128
Odontophorus leucolaemus	3	0.0030670000705868006	0.07669000327587128
Oenanthe hispanica	2	0.001534000039100647	0.10279999673366547
Oligura castaneocoronata	2	0.0	0.11810000240802765
Oncostoma cinereigulare	2	0.001534000039100647	0.03674999997019768
Onychognathus morio	1		0.10279999673366547
Onychoprion lunatus	3	0.0	0.11060000211000443
Onychorhynchus coronatus	2	0.0015650000423192978	0.12129999697208405
Oporornis agilis	1		0.05530000105500221
Oriolus brachyrhynchus	1		0.11810000240802765
Ornithion brunneicapillus	1		0.06821999698877335
Ornithion inerme	3	0.0031010000966489315	0.06821999698877335
Ortalis cinereiceps	1		0.03443000093102455
Ortalis motmot	3	0.0030670000705868006	0.03443000093102455
Orthopsittaca manilata	3	0.0030670000705868006	0.06202000007033348
Orthorhyncus cristatus	2	0.0030670000705868006	0.09048999845981598
Orthotomus atrogularis	3	0.0	0.09147000312805176
Orthotomus cucullatus	1		0.12729999423027039
Orthotomus sutorius	3	0.001534000039100647	0.09147000312805176
Oryzoborus angolensis	1		0.06317000091075897
Oryzoborus crassirostris	3	0.003120000008493662	0.06317000091075897
Otus megalotis	2	0.004608000162988901	0.1137000024318695
Otus scops	1		0.1137000024318695
Otus vermiculatus	1		0.053679998964071274
Oxyura vittata	1		0.09356000274419785
Pachycephala pectoralis	1		0.07088000327348709
Pachycephala philippinensis	1		0.07088000327348709
Pachyramphus cinnamomeus	2	0.0	0.07763999700546265
Pachyramphus marginatus	3	0.0031300000846385956	0.08128999918699265
Pachyramphus minor	3	0.009201999753713608	0.11500000208616257
Pachyramphus polychopterus	2	0.05521000176668167	0.08128999918699265
Pachyramphus rufus	3	0.001534000039100647	0.021469999104738235
Pachyramphus surinamus	1		0.07763999700546265
Pachyramphus viridis	1		0.021469999104738235
Panterpe insignis	3	0.004650999791920185	0.09766999632120132
Parabuteo unicinctus	1		0.06677000224590302
Paradoxornis atrosuperciliaris	1		0.13040000200271606
Paradoxornis nipalensis	1		0.11559999734163284
Pardalotus punctatus	1		0.12729999423027039
Pardirallus maculatus	1		0.052149999886751175
Pardirallus sanguinolentus	3	0.0030670000705868006	0.052149999886751175
Paroaria gularis	3	0.004600999876856804	0.07055000215768814
Parus monticolus	2	0.009201999753713608	0.07361999899148941
Passer domesticus	3	0.001534000039100647	0.02607000060379505
Passer hispaniolensis	1		0.02607000060379505
Patagioenas cayennensis	2	0.0015650000423192978	0.02817000076174736
Patagioenas inornata	1		0.03756000101566315
Patagioenas leucocephala	2	0.0	0.05982000008225441
Patagioenas maculosa	2	0.0015899999998509884	0.02817000076174736
Patagioenas nigrirostris	2	0.0	0.04665999859571457
Patagioenas plumbea	3	0.0030670000705868006	0.04665999859571457
Patagioenas speciosa	3	0.0	0.05982000008225441
Patagioenas subvinacea	3	0.006134999915957451	0.04907999932765961
Pelagodroma marina	2	0.0	0.10890000313520432
Pellorneum ruficeps	3	0.012419999577105045	0.09815999865531921
Penelope jacquacu	3	0.0	0.010739999823272228
Penelope marail	3	0.0030670000705868006	0.010739999823272228
Penelope obscura	3	0.0030670000705868006	0.02150999940931797
Penelope pileata	1		0.02150999940931797
Penelope purpurascens	2	0.0	0.036809999495744705
Penelopides panini	2	0.0	0.11670000106096268
Percnostola leucostigma	7	0.0715399980545044	0.07365000247955322
Percnostola rufifrons	1		0.07208999991416931
Pericrocotus cinnamomeus	2	0.0030670000705868006	0.08589000254869461
Pericrocotus flammeus	2	0.001534000039100647	0.08589000254869461
Periparus elegans	2	0.00621100002899766	0.07919000089168549
Periporphyrus erythromelas	2	0.0	0.09201999753713608
Perisoreus canadensis	2	0.036809999495744705	0.09509000182151794
Perissocephalus tricolor	3	0.0030670000705868006	0.02761000022292137
Petrochelidon fulva	1		0.10109999775886536
Phacellodomus sibilatrix	3	0.001534000039100647	0.0628800019621849
Phacellodomus striaticollis	2	0.0	0.0628800019621849
Phaeomyias murina	2	0.04405000060796738	0.11580000072717667
Phaethon rubricauda	3	0.010739999823272228	0.12269999831914902
Phaethornis augusti	3	0.003085999982431531	0.0663599967956543
Phaethornis bourcieri	1		0.08025000244379044
Phaethornis guy	3	0.012400000356137753	0.07716000080108643
Phaethornis longuemareus	5	0.052149999886751175	0.0663599967956543
Phaetusa simplex	1		0.09509000182151794
Phainoptila melanoxantha	3	0.0	0.12870000302791595
Phapitreron amethystinus	3	0.0015360000543296337	0.09369999915361404
Phapitreron leucotis	2	0.0015360000543296337	0.09369999915361404
Pheucticus tibialis	1		0.08980000019073486
Pheugopedius coraya	2	0.02191000059247017	0.08138000220060349
Philemon eichhorni	1		0.1257999986410141
Philohydor lictor	2	0.08455000072717667	0.10890000313520432
Philydor erythrocercum	3	0.0030670000705868006	0.10109999775886536
Philydor pyrrhodes	3	0.0030670000705868006	0.09509000182151794
Phimosus infuscatus	2	0.0	0.10890000313520432
Phlegopsis nigromaculata	1		0.09178999811410904
Phleocryptes melanops	1		0.10890000313520432
Phoenicircus carnifex	3	0.0016469999682158232	0.10279999673366547
Phrygilus unicolor	2	0.0030670000705868006	0.09356000274419785
Phyllastrephus icterinus	3	0.001534000039100647	0.09662999957799911
Phyllomyias griseiceps	1		0.11309999972581863
Phylloscartes chapmani	3	0.004695000126957893	0.1120000034570694
Phylloscartes nigrifrons	3	0.006134999915957451	0.05827999860048294
Phylloscartes superciliaris	3	0.0	0.05827999860048294
Phylloscartes ventralis	2	0.001534000039100647	0.07975000143051147
Phylloscartes virescens	3	0.0015849999617785215	0.11500000208616257
Phylloscopus armandii	3	0.06965000182390213	0.10740000009536743
Phylloscopus cebuensis	3	0.004629999864846468	0.093019999563694
Phylloscopus orientalis	1		0.09968999773263931
Phylloscopus trivirgatus	1		0.09201999753713608
Piaya melanogaster	3	0.001534000039100647	0.10429999977350235
Picoides arcticus	1		0.11940000206232071
Picoides borealis	1		0.0751200020313263
Picoides kizuki	2	0.0	0.07208999991416931
Picoides mixtus	1		0.03988000005483627
Piculus chrysochloros	1		0.07208999991416931
Piculus flavigula	3	0.0	0.07208999991416931
Picumnus aurifrons transfasciatus	1		0.039799999445676804
Picumnus exilis	3	0.0031300000846385956	0.04140999913215637
Picumnus nebulosus	3	0.0	0.08019000291824341
Picumnus spilogaster	4	0.00943399965763092	0.039799999445676804
Picus chlorolophus	1		0.09201999753713608
Picus xanthopygaeus	2	0.0	0.09201999753713608
Pilherodius pileatus	3	0.001534000039100647	0.10580000281333923
Pionites melanocephalus	2	0.001534000039100647	0.08908999711275101
Pionopsitta caica	3	0.01408000010997057	0.03285999968647957
Pionopsitta vulturina	2	0.0015360000543296337	0.03285999968647957
Pionus fuscus	5	0.007668999955058098	0.04447999969124794
Pionus menstruus	4	0.0048699998296797276	0.04447999969124794
Pipile pipile	2	0.0	0.04447999969124794
Pipilo chlorurus	1		0.04140999913215637
Pipilo ocai	3	0.0030670000705868006	0.04140999913215637
Pipra aureola	1		0.09201999753713608
Pipra cornuta	3	0.0031850000377744436	0.057840000838041306
Pipra mentalis	2	0.0	0.057840000838041306
Pipraeidea melanonota	1		0.0030670000705868006
Pipraeidea melanonota melanonota	1		0.0030670000705868006
Pipreola whitelyi	4	0.004600999876856804	0.14259999990463257
Piprites chloris	2	0.0	0.12129999697208405
Piranga bidentata	1		0.07361999899148941
Piranga flava	2	0.018400000408291817	0.07361999899148941
Piranga leucoptera	2	0.0	0.08589000254869461
Piranga rubra	1		0.07361999899148941
Platycercus adscitus	2	0.0030670000705868006	0.001534000039100647
Platycercus elegans	2	0.020059999078512192	0.04755000025033951
Platycercus eximius	1		0.001534000039100647
Platycichla flavipes	1		0.001534000039100647
Platyrinchus cancrominus	3	0.001617999980226159	0.09048999845981598
Platyrinchus platyrhynchos	4	0.11500000208616257	0.12139999866485596
Platyrinchus saturatus	3	0.0030670000705868006	0.09048999845981598
Platysteira cyanea	3	0.0032099999953061342	0.10360000282526016
Ploceus nigerrimus	2	0.006134999915957451	0.08128999918699265
Ploceus nigricollis	3	0.0	0.09063000231981277
Pnoepyga albiventer	2	0.001534000039100647	0.06747999787330627
Pnoepyga pusilla	1		0.06747999787330627
Podager nacunda	2	0.0	0.1103999987244606
Podargus strigoides	2	0.0	0.13650000095367432
Podiceps major	1		0.07975000143051147
Podoces hendersoni	1		0.09611999988555908
Poecile gambeli	3	0.035280000418424606	0.06441999971866608
Poecile lugubris	1		0.06441999971866608
Poecile varius	3	0.004600999876856804	0.09006000310182571
Poecilotriccus russatus	3	0.005119000095874071	0.0628800019621849
Poecilotriccus sylvia	4	0.02037999965250492	0.0628800019621849
Pogoniulus atroflavus	1		0.11500000208616257
Pogoniulus subsulphureus	3	0.001534000039100647	0.11500000208616257
Polioptila plumbea	4	0.05990999937057495	0.10540000349283218
Polystictus pectoralis	2	0.001534000039100647	0.10740000009536743
Polytelis alexandrae	1		0.07361999899148941
Polytmus guainumbi	2	0.0015719999792054296	0.08647999912500381
Polytmus theresiae	3	0.004600999876856804	0.08647999912500381
Pomatorhinus ferruginosus	1		0.09662999957799911
Pomatorhinus ruficollis	3	0.004600999876856804	0.04907999932765961
Pomatorhinus schisticeps	1		0.04907999932765961
Pooecetes gramineus	1		0.06747999787330627
Poospiza cinerea	3	0.0030819999519735575	0.07055000215768814
Poospiza lateralis	3	0.018400000408291817	0.07055000215768814
Poospiza whitii	2	0.0	0.08598999679088593
Porphyrio flavirostris	2	0.0	0.09968999773263931
Porphyrio martinica	2	0.0	0.09968999773263931
Porphyrio porphyrio	2	0.0	0.10890000313520432
Porzana albicollis	1		0.0030670000705868006
Porzana albicollis olivacea	1		0.0030670000705868006
Porzana flaviventer	1		0.08839999884366989
Premnoplex brunnescens	3	0.001534000039100647	0.11810000240802765
Prioniturus luconensis	1		0.09356000274419785
Prionochilus olivaceus	1		0.10369999706745148
Procelsterna cerulea	3	0.0	0.07201000303030014
Procnias alba	1		0.0030670000705868006
Procnias albus	2	0.0	0.0030670000705868006
Procnias tricarunculatus	1		0.006134999915957451
Progne chalybea	2	0.0	0.07255999743938446
Progne tapera	5	0.03328000009059906	0.07255999743938446
Protonotaria citrea	1		0.06441999971866608
Prunella himalayana	1		0.10409999638795853
Prunella immaculata	1		0.10559999942779541
Psaltriparus minimus	2	0.0030670000705868006	0.11869999766349792
Psarocolius bifasciatus	3	0.0030670000705868006	0.0048779998905956745
Psarocolius decumanus	2	0.0015800000401213765	0.04140999913215637
Psarocolius viridis	3	0.0	0.0048779998905956745
Pselliophorus luteoviridis	3	0.001534000039100647	0.06103000044822693
Psephotus haematonotus	1		0.08895999938249588
Pseudhirundo griseopyga	2	0.0	0.10740000009536743
Pseudobulweria rostrata	3	0.001534000039100647	0.09662999957799911
Pseudocolopteryx flaviventris	3	0.001534000039100647	0.09356000274419785
Pseudoleistes guirahuro	2	0.0	0.021469999104738235
Pseudoleistes virescens	3	0.001534000039100647	0.021469999104738235
Pseudoscops clamator	1		0.08436000347137451
Pseudoseisura lophotes	3	0.0	0.08281999826431274
Psittacara finschi	3	0.0	0.06747999787330627
Psittacara leucophthalmus	4	0.013799999840557575	0.06747999787330627
Psophia crepitans	3	0.006134999915957451	0.13189999759197235
Pterodroma alba	2	0.0031399999279528856	0.04447999969124794
Pterodroma cahow	1		0.02500000037252903
Pterodroma externa	2	0.0	0.04447999969124794
Pterodroma hasitata	1		0.02500000037252903
Pterodroma longirostris	3	0.009201999753713608	0.048670001327991486
Pterodroma nigripennis	3	0.003043999895453453	0.04552999883890152
Pteroglossus aracari	3	0.0015650000423192978	0.02761000022292137
Pteroglossus bitorquatus	1		0.02761000022292137
Pteroglossus torquatus	3	0.0	0.04030999913811684
Pteroglossus viridis	3	0.0031399999279528856	0.05982000008225441
Ptilinopus leclancheri	3	0.0015360000543296337	0.0777600035071373
Ptilinopus occipitalis	1		0.0777600035071373
Ptilinopus regina	1		0.07669000327587128
Ptilinopus rivoli	1		0.07669000327587128
Ptyonoprogne rupestris	1		0.12269999831914902
Puffinus griseus	1		0.08128999918699265
Puffinus lherminieri	2	0.0	0.08128999918699265
Pulsatrix perspicillata	3	0.014469999819993973	0.12060000002384186
Pycnonotus barbatus	4	0.05990999937057495	0.0648299977183342
Pycnonotus blanfordi	5	0.001610000035725534	0.09369999915361404
Pycnonotus cafer	3	0.004600999876856804	0.0648299977183342
Pycnonotus goiavier	3	0.0015429999912157655	0.093019999563694
Pycnonotus melanicterus flaviventris	1		0.09369999915361404
Pycnonotus urostictus	1		0.10740000009536743
Pygiptila stellaris	4	0.004600999876856804	0.11810000240802765
Pygochelidon cyanoleuca	2	0.001597000053152442	0.07208999991416931
Pyrenestes ostrinus	2	0.0015360000543296337	0.08983000367879868
Pyriglena leuconota	1		0.07669000327587128
Pyrrhura egregia	3	0.001534000039100647	0.018400000408291817
Pyrrhura hoffmanni	3	0.0030720001086592674	0.019940000027418137
Pyrrhura perlata	2	0.001534000039100647	0.018400000408291817
Pyrrhura picta	5	0.023010000586509705	0.0414699986577034
Quiscalus lugubris	4	0.015869999304413795	0.05186000093817711
Rallus elegans	1		0.1257999986410141
Ramphastos sulfuratus	3	0.001610000035725534	0.050609998404979706
Ramphastos tucanus	5	0.007668999955058098	0.04755000025033951
Ramphastos vitellinus	3	0.006134999915957451	0.04755000025033951
Ramphocaenus melanurus	4	0.09611999988555908	0.10849999636411667
Ramphocelus carbo	3	0.012269999831914902	0.046509999781847
Ramphocelus flammigerus	3	0.004600999876856804	0.03533000126481056
Ramphocelus passerinii	3	0.013949999585747719	0.03533000126481056
Ramphocelus sanguinolentus	1		0.0852700024843216
Ramphotrigon ruficauda	1		0.1080000028014183
Regulus ignicapilla	3	0.0031449999660253525	0.13339999318122864
Reinwardtoena browni	1		0.09968999773263931
Remiz pendulinus	2	0.0018050000071525574	0.10109999775886536
Rhabdornis inornatus	1		0.001534000039100647
Rhabdornis inornatus alaris	1		0.001534000039100647
Rhabdornis mystacalis	2	0.0	0.10750000178813934
Rhea americana	1		0.14589999616146088
Rhipidura aureola	3	0.004600999876856804	0.08895999938249588
Rhipidura cyaniceps	1		0.001534000039100647
Rhipidura cyaniceps cyaniceps	1		0.001534000039100647
Rhipidura dahli	1		0.08742000162601471
Rhipidura rufiventris	2	0.0	0.08742000162601471
Rhynchocyclus brevirostris	3	0.0	0.1265999972820282
Rhytipterna holerythra	2	0.0	0.015359999611973763
Rhytipterna immunda	3	0.001534000039100647	0.053679998964071274
Rhytipterna simplex	2	0.01996999979019165	0.015359999611973763
Rimator malacoptilus	2	0.006134999915957451	0.09815999865531921
Rollandia rolland	2	0.001534000039100647	0.05674999952316284
Roraimia adusta	5	0.0030670000705868006	0.05521000176668167
Rostratula benghalensis	3	0.0015360000543296337	0.13670000433921814
Rostrhamus sociabilis	1		0.08128999918699265
Rupicola rupicola	3	0.001534000039100647	0.10279999673366547
Sakesphorus canadensis	3	0.0015379999531432986	0.04447999969124794
Sakesphorus luctuosus	3	0.0	0.04447999969124794
Saltator grossus	3	0.018120000138878822	0.07751999795436859
Saltator maximus	3	0.042319998145103455	0.07975000143051147
Saltator similis	1		0.07751999795436859
Sarcoramphus papa	1		0.11959999799728394
Sasia ochracea	3	0.001534000039100647	0.1103999987244606
Saxicola caprata	1		0.07822000235319138
Saxicola ferreus	1		0.07822000235319138
Saxicola insignis	1		0.0825200006365776
Saxicola torquata	3	0.06747999787330627	0.08414000272750854
Sayornis phoebe	1		0.0887100026011467
Schiffornis turdina	3	0.009201999753713608	0.14259999990463257
Schistochlamys melanopis	3	0.007873999886214733	0.06552000343799591
Schoeniclus elegans	1		0.08736000210046768
Schoeniophylax phryganophilus	3	0.0	0.08128999918699265
Sclateria naevia	3	0.0	0.07669000327587128
Sclerurus caudacutus	4	0.050609998404979706	0.08895999938249588
Sclerurus guatemalensis	2	0.0	0.08895999938249588
Sclerurus rufigularis	1		0.10740000009536743
Scytalopus argentifrons	2	0.0	0.14630000293254852
Seicercus burkii	1		0.08436000347137451
Seicercus poliogenys	3	0.07055000215768814	0.08436000347137451
Seiurus aurocapilla	5	0.009201999753713608	0.07514999806880951
Selasphorus rufus	1		0.02954999916255474
Selasphorus scintilla	2	0.001554999966174364	0.02954999916255474
Selenidera piperivora	3	0.004600999876856804	0.08138000220060349
Semnornis frantzii	3	0.0030670000705868006	0.10740000009536743
Serpophaga nigricans	3	0.004600999876856804	0.09356000274419785
Setopagis parvulus	2	0.0030670000705868006	0.09611999988555908
Setopagis whitelyi	3	0.001534000039100647	0.10740000009536743
Setophaga cerulea	2	0.0030720001086592674	0.04915999993681908
Setophaga citrina	3	0.0015360000543296337	0.053679998964071274
Setophaga dominica	2	0.0	0.0414699986577034
Setophaga fusca	1		0.05683999881148338
Setophaga magnolia	1		0.05530000105500221
Setophaga pensylvanica	1		0.0414699986577034
Setophaga tigrina	1		0.04915999993681908
Simoxenops ucayalae	1		0.01923000067472458
Sitta castanea	3	0.0030670000705868006	0.10279999673366547
Sitta frontalis	2	0.06758999824523926	0.10279999673366547
Sitta krueperi	1		0.11829999834299088
Sitta neumayer	1		0.10890000313520432
Spelaeornis chocolatinus	1		0.1257999986410141
Spermophaga haematina	4	0.0077760000713169575	0.08983000367879868
Spilornis cheela	2	0.0	0.10450000315904617
Spinus cucullatus	2	0.0	0.009201999753713608
Spinus magellanicus	1		0.009201999753713608
Spizaetus tyrannus	1		0.07642000168561935
Spizastur melanoleucus	1		0.07642000168561935
Sporophila americana	3	0.0030670000705868006	0.04907999932765961
Sporophila cinnamomea	2	0.0	0.01078999973833561
Sporophila collaris	1		0.04293999820947647
Sporophila intermedia	3	0.0015429999912157655	0.06134999915957451
Sporophila minuta	3	0.003215000033378601	0.023010000586509705
Sporophila nigricollis	3	0.023150000721216202	0.05790000036358833
Sporophila plumbea	3	0.0030670000705868006	0.04293999820947647
Sporophila ruficollis	1		0.01078999973833561
Sporophila schistacea	1		0.06977000087499619
Stachyris ambigua	2	0.009201999753713608	0.06902000308036804
Stachyris capitalis	3	0.0	0.08602000027894974
Stachyris chrysaea	1		0.09509000182151794
Stachyris nigriceps	1		0.10279999673366547
Stachyris oglei	2	0.006134999915957451	0.10890000313520432
Stachyris ruficeps	1		0.06902000308036804
Stelgidopteryx ruficollis	4	0.004650999791920185	0.05657000094652176
Stelgidopteryx serripennis	2	0.0033279999624937773	0.05657000094652176
Stephanophorus diadematus	1		0.07800000160932541
Sterna hirundinacea	1		0.08589000254869461
Sterna trudeaui	1		0.08589000254869461
Sternula antillarum	4	0.0015719999792054296	0.10530000180006027
Stiphrornis erythrothorax	3	0.004600999876856804	0.1103999987244606
Streptopelia bitorquata	1		0.06134999915957451
Streptopelia chinensis	1		0.09048999845981598
Streptopelia decaocto	1		0.07055000215768814
Streptopelia tranquebarica	1		0.06134999915957451
Streptoprocne zonaris	3	0.04600999876856804	0.08371999859809875
Sturnella militaris	3	0.0	0.031099999323487282
Sturnella superciliaris	2	0.004600999876856804	0.031099999323487282
Sturnus malabaricus	1		0.06143999844789505
Sturnus nigricollis	1		0.07208999991416931
Sublegatus arenarum	3	0.0030670000705868006	0.0
Sublegatus modestus	4	0.0030670000705868006	0.0
Sublegatus obscurior	1		0.0
Suiriri suiriri	2	0.001534000039100647	0.1039000004529953
Sula dactylatra	1		0.05827999860048294
Sula leucogaster	3	0.0	0.05827999860048294
Sula sula	3	0.0	0.07669000327587128
Sylvia borin	1		0.003114999970421195
Sylvia borin borin	1		0.003114999970421195
Sylvia cantillans	1		0.05982000008225441
Sylvia curruca	1		0.07514999806880951
Sylvia hortensis	1		0.07514999806880951
Sylvia mystacea	1		0.05982000008225441
Sylvia nana	1		0.09922000020742416
Symposiachrus verticalis	2	0.0	0.09354999661445618
Synallaxis albescens josephinae	1		0.03067000024020672
Synallaxis brachyura	3	0.0	0.05683999881148338
Synallaxis cinerascens	1		0.04293999820947647
Synallaxis frontalis	1		0.03067000024020672
Synallaxis gujanensis	3	0.0030670000705868006	0.04293999820947647
Synallaxis kollari	2	0.0017950000474229455	0.06594999879598618
Synallaxis spixi	2	0.001534000039100647	0.05521000176668167
Syndactyla subalaris	3	0.0016210000030696392	0.01923000067472458
Syrigma sibilatrix	1		0.10580000281333923
Tachornis squamata	5	0.0	0.08281999826431274
Tachycineta albilinea	2	0.004650999791920185	0.02607000060379505
Tachycineta albiventer	3	0.0032629999332129955	0.02607000060379505
Tachycineta leucorrhoa	2	0.0015800000401213765	0.07055000215768814
Tachycineta thalassina	2	0.0	0.08589000254869461
Tachyphonus cristatus	3	0.0031300000846385956	0.09545999765396118
Tachyphonus delatrii	3	0.0031010000966489315	0.09104999899864197
Tachyphonus luctuosus	2	0.004600999876856804	0.08579999953508377
Tachyphonus phoenicius	5	0.03285999968647957	0.07669000327587128
Taeniotriccus andrei	1		0.10119999945163727
Tangara cayana	3	0.0015409999759867787	0.010769999586045742
Tangara cucullata	1		0.010769999586045742
Tangara cyanoptera	3	0.003120000008493662	0.06707999855279922
Tangara dowii	3	0.001534000039100647	0.07975000143051147
Tangara episcopus	4	0.008077999576926231	0.05538000166416168
Tangara guttata	1		0.03067000024020672
Tangara gyrola	3	0.0	0.08589000254869461
Tangara icterocephala	3	0.001550000044517219	0.08991999924182892
Tangara inornata	3	0.0032629999332129955	0.0378899984061718
Tangara larvata	2	0.0031010000966489315	0.07406999915838242
Tangara mexicana	4	0.023080000653862953	0.0378899984061718
Tangara preciosa	4	0.006134999915957451	0.0628800019621849
Tangara punctata	3	0.0	0.0
Tangara punctata punctata	2	0.0016449999529868364	0.0
Tangara varia	1		0.050609998404979706
Tangara velia	2	0.001534000039100647	0.07041999697685242
Tangara xanthogastra	4	0.004600999876856804	0.03067000024020672
Tephrodornis pondicerianus	3	0.006134999915957451	0.11349999904632568
Terenotriccus erythrurus	3	0.04633000120520592	0.10809999704360962
Terenura callinota	2	0.063230000436306	0.05657000094652176
Terenura spodioptila	3	0.0	0.05657000094652176
Terpsiphone cinnamomea	1		0.04839000105857849
Terpsiphone rufiventer	3	0.001534000039100647	0.019940000027418137
Terpsiphone viridis	2	0.01534000039100647	0.019940000027418137
Tersina viridis	3	0.007668999955058098	0.07669000327587128
Thalassarche chlororhynchos	1		0.12060000002384186
Thalurania colombica	3	0.0	0.035659998655319214
Thalurania furcata	1		0.035659998655319214
Thamnomanes ardesiacus	3	0.004600999876856804	0.09356000274419785
Thamnophilus amazonicus	4	0.08128999918699265	0.053679998964071274
Thamnophilus bridgesi	1		0.07190000265836716
Thamnophilus doliatus	2	0.01143999956548214	0.06046000123023987
Thamnophilus insignis	3	0.0	0.053679998964071274
Thamnophilus murinus	3	0.0	0.0
Thamnophilus murinus murinus	1		0.0
Thamnophilus ruficapillus	1		0.06046000123023987
Theristicus caerulescens	2	0.004600999876856804	0.08128999918699265
Theristicus caudatus	5	0.001534000039100647	0.08128999918699265
Thlypopsis sordida	2	0.001534000039100647	0.08589000254869461
Thraupis palmarum	3	0.0030670000705868006	0.05538000166416168
Threnetes niger	2	0.004991999827325344	0.07751999795436859
Threnetes ruckeri	4	0.004650999791920185	0.07751999795436859
Threskiornis aethiopicus	1		0.1242000013589859
Thripadectes rufobrunneus	2	0.0	0.07514999806880951
Thryomanes bewickii	2	0.0	0.0
Thryomanes bewickii drymoecus	1		0.0
Thryothorus atrogularis	2	0.0	0.08128999918699265
Thryothorus leucotis	4	0.0030819999519735575	0.06747999787330627
Thryothorus ludovicianus	1		0.09266000241041183
Thryothorus modestus	2	0.0030670000705868006	0.07822000235319138
Thryothorus nigricapillus	3	0.0030720001086592674	0.06747999787330627
Tiaris bicolor	3	0.001534000039100647	0.07361999899148941
Tigrisoma lineatum	1		0.01278000045567751
Tigrisoma lineatum lineatum	1		0.01278000045567751
Tinamus major	3	0.0030670000705868006	0.15639999508857727
Tityra cayana	4	0.012310000136494637	0.05483999848365784
Tityra inquisitor	2	0.03220999985933304	0.10809999704360962
Tityra semifasciata	2	0.0	0.05483999848365784
Tockus camurus	1		0.11670000106096268
Todiramphus chloris	1		0.016899999231100082
Todiramphus macleayii	2	0.001534000039100647	0.04907999932765961
Todiramphus sanctus	1		0.016899999231100082
Todirostrum cinereum	4	0.018629999831318855	0.04755000025033951
Todirostrum maculatum	3	0.001534000039100647	0.04755000025033951
Todirostrum pictum	3	0.001534000039100647	0.09201999753713608
Tolmomyias assimilis	3	0.004695000126957893	0.07361999899148941
Tolmomyias flaviventris	3	0.0	0.04179999977350235
Tolmomyias poliocephalus	2	0.003333000000566244	0.06154000014066696
Tolmomyias sulphurescens	3	0.0031300000846385956	0.04179999977350235
Topaza pella	2	0.0030670000705868006	0.13189999759197235
Touit purpuratus	3	0.0030670000705868006	0.10279999673366547
Toxostoma redivivum	2	0.001534000039100647	0.09201999753713608
Treron pompadora	1		0.11829999834299088
Trichoglossus chlorolepidotus	1		0.04927999898791313
Troglodytes rufulus	2	0.0030670000705868006	0.09356000274419785
Trogon aurantiiventris	1		0.0
Trogon clathratus	2	0.001550000044517219	0.06511999666690826
Trogon collaris	4	0.04140999913215637	0.0
Trogon massena	3	0.0	0.04961000010371208
Trogon melanurus	1		0.04961000010371208
Trogon personatus	3	0.01686999946832657	0.10279999673366547
Trogon violaceus	4	0.06441999971866608	0.09356000274419785
Trogon viridis	3	0.0030670000705868006	0.09356000274419785
Tryngites subruficollis	1		0.08589000254869461
Turdinus brevicaudatus	1		0.10279999673366547
Turdoides gularis	2	0.0	0.09048999845981598
Turdus albicollis	2	0.0	0.04293999820947647
Turdus dissimilis	1		0.04293999820947647
Turdus flavipes	2	0.0	0.001534000039100647
Turdus fumigatus	5	0.018400000408291817	0.04447999969124794
Turdus grayi	2	0.0030720001086592674	0.027650000527501106
Turdus ignobilis	3	0.03988000005483627	0.038339998573064804
Turdus libonyana	1		0.053679998964071274
Turdus nudigenis	5	0.004621999803930521	0.027650000527501106
Turdus obsoletus	3	0.0	0.03067000024020672
Turdus olivater	3	0.0	0.03067000024020672
Turdus plebejus	3	0.0030670000705868006	0.052149999886751175
Turtur afer	3	0.00636899983510375	0.05104000121355057
Turtur brehmeri	3	0.0030819999519735575	0.07814999669790268
Turtur chalcospilos	2	0.0	0.05104000121355057
Turtur tympanistria	1		0.08589000254869461
Tyranneutes virescens	3	0.004600999876856804	0.10339999943971634
Tyrannopsis sulphurea	3	0.004629999864846468	0.07389000058174133
Tyrannulus elatus	2	0.003240999998524785	0.10769999772310257
Tyrannus albogularis	1		0.016289999708533287
Tyrannus savana	1		0.016289999708533287
Upucerthia validirostris	2	0.0	0.1103999987244606
Urocissa erythrorhyncha	1		0.09201999753713608
Vanellus cayanus	2	0.001534000039100647	0.12880000472068787
Vanellus resplendens	1		0.12120000272989273
Veniliornis cassini	3	0.001534000039100647	0.042249999940395355
Veniliornis fumigatus	3	0.0030670000705868006	0.06572999805212021
Veniliornis sanguineus	4	0.001534000039100647	0.042249999940395355
Veniliornis spilogaster	3	0.0	0.03988000005483627
Vermivora chrysoptera	2	0.0	0.05990999937057495
Vireo carmioli	1		0.05982000008225441
Vireo flavifrons	2	0.003043999895453453	0.05982000008225441
Vireolanius leucotis	3	0.007961999624967575	0.10119999945163727
Willisornis poecilinotus	7	0.006723000202327967	0.09309999644756317
Xenopipo atronitens	3	0.007668999955058098	0.08281999826431274
Xenopipo uniformis	2	0.0030670000705868006	0.08281999826431274
Xenops milleri	1		0.10559999942779541
Xenops tenuirostris	2	0.0	0.1120000034570694
Xenopsaris albinucha	3	0.0015950000379234552	0.11479999870061874
Xenornis setifrons	3	0.0030670000705868006	0.08436000347137451
Xiphocolaptes promeropirhynchus	5	0.0232900008559227	0.07919000089168549
Xipholena punicea	3	0.004600999876856804	0.11209999769926071
Xiphorhynchus erythropygius	3	0.0031010000966489315	0.07597000151872635
Xiphorhynchus guttatus	3	0.001534000039100647	0.06134999915957451
Xiphorhynchus lachrymosus	1		0.06134999915957451
Xiphorhynchus obsoletus	5	0.007668999955058098	0.06441999971866608
Xiphorhynchus pardalotus	3	0.0030670000705868006	0.07669000327587128
Xiphorhynchus picus	3	0.038339998573064804	0.0771699994802475
Xolmis cinereus	3	0.0030670000705868006	0.08895999938249588
Yuhina flavicollis	1		0.09968999773263931
Yuhina gularis	3	0.0030670000705868006	0.09815999865531921
Yuhina zantholeuca	2	0.0	0.09838999807834625
Zeledonia coronata	1		0.08742000162601471
Zenaida asiatica	2	0.0	0.09509000182151794
Zentrygon chiriquensis	1		0.07822000235319138
Zentrygon costaricensis	2	0.001534000039100647	0.07822000235319138
Zimmerius gracilipes	2	0.06747999787330627	0.1103999987244606
Zoothera camaronensis	3	0.0	0.10580000281333923
Zoothera dixoni	1		0.09048999845981598
Zosterops atrifrons	1		0.04140999913215637
Zosterops japonicus	1		0.04140999913215637
Zosterops nigrorum	2	0.0015360000543296337	0.05375999957323074
Zosterops pallidus	1		0.053679998964071274
